8BBD5C99F37898B6402964AB11955663	eng	Английский язык
0E1FA4229923A5CE4FC368155127ED90	bio	Биология
0FA4DA9E3AE2BA1547B75F0B08EF6445	geo	География
74676951F093A0754D74F2D6E7955F06	inf	Информатика
7FF0B02E53DFBCDE4F56B0148BE9A236	esp	Испанский язык
3CBBE97571208D9140697A6C2ABE91A0	his	История
6B2CD4C77304B2A3478E5A5B61F6899A	lit	Литература
DE0E276E497AB3784C3FC4CC20248DC0	mat	Математика
A2AC67AE354EBC5242C49482CBC13451	ger	Немецкий язык
AE63AB28A2D28E194A286FA5A8EB9A78	soc	Обществознание
2F5EE3B12FE2A0EA40B06BF61A015416	rus	Русский язык
B24AFED7DE6AB5BC461219556CCA4F9B	phs	Физика
2A4C52ED5AC1ADA644B8BBF169FEC0FC	fra	Французский язык
33B3A93C5A6599124B04FB95616C835B	him	Химия
